Story ID,Prediction,Rationale
95,1,"The provided backstory does not directly contradict the given novel passages. However, it introduces elements that are not explicitly mentioned or implied in the passages themselves. The backstory involves a pre-emptive action by Noirtier to engineer his son’s death and involves a British spy, which is not present in the novel passages. Therefore, while there is no direct contradiction, the consistency between the two is limited."
136,1,"The backstory about Faria living on a small island and drafting a work is consistent with the novel passages. The first passage mentions Faria's actions related to his secret work, while the second passage discusses Faria’s ship and its crew, which aligns with him being in a position of authority or importance. Both pieces of information support each other without contradicting."
59,1,The backstory describes the character as a relay-station hand who slipped captivity and now lives in the mountains with survival skills. The novel passages describe harsh mountain conditions where communication is impossible due to avalanches and other natural phenomena. This aligns well with the idea of living in the mountains and having developed survival skills such as rope-climbing and avalanche-reading.
60,1,"The backstory describes a rescue operation during an avalanche, while the novel passages describe scenes of lightning and glowing sparks over water. These do not directly contradict each other but also lack clear connection to support consistency. However, given the limited context provided for the passages, they can be considered consistent in terms of setting without additional details."
124,1,The backstory is consistent with the provided novel passages as both involve Caderousse and a potential return home. The mention of Caderousse stealing a mooring rope aligns with his later actions in the passages where he hears about the protagonist's arrival and comes to congratulate him.
111,1,"The backstory about the character pulling strings through old friends and encouraging anti-royalist moves is compatible with the novel passages. The first passage involves a request for help in finding out who killed someone, which could be seen as an attempt to uncover information or support justice, aligning with the idea of anti-royalist actions. The second passage discusses decisions regarding a woman's fate and raises questions about exceptions being made, suggesting internal conflicts within a group (possibly related to their anti-royalist stance). These passages do not directly contradict each other but rather provide context for the character's motivations and actions."
135,1,"The provided novel passages do not directly contradict the given backstory. The passages describe interactions with Villefort in a prison setting, which aligns with the historical context of the failed coup and imprisonment mentioned in the backstory. However, they do not provide additional information that contradicts or significantly alters the established timeline or events."
27,1,"The provided backstory does not directly contradict the given novel passages. However, it introduces a specific context that is not explicitly mentioned in the passages themselves. The backstory describes a young man who ran away to the docks and worked as a porter before losing hearing due to a beating. This background information could potentially provide insight into Will Halley's character or circumstances, but it does not directly relate to the events described in Passage 1 and Passage 2."
110,1,"The backstory involves a character keeping revolutionary materials and reflecting on his past. The novel passages describe an Abbé Faria in prison, which could be related to the character's reflection on his own past or experiences with authority figures. However, without more context linking these elements directly, they are consistent but not necessarily compatible."
42,1,"The backstory about Michael's concern for Harry Grant and the first mate Fletcher's role on the Britannia are compatible with Passage 2 where Ayrton identifies himself as Captain Grant's quartermaster. However, there is no direct mention of Harry Grant in Passage 1, which focuses more on Michael’s speculation regarding his whereabouts. The information about Harry Grant aligns well with the context provided by the first passage."
56,1,"The backstory about predicting an earthquake aligns well with the tone and setting of the novel passages. Both involve a sense of place and hospitality in a challenging environment (the Argentine plain). The mention of moisture and difficulty passing through the soil fits the context of an unusual condition that might be related to seismic activity or other natural phenomena. Therefore, the backstory is consistent and compatible with these novel passages."
80,1,"The provided backstory is about a young boy who learns survival skills and becomes a warrior. The novel passages describe events that are not directly related to the backstory but do not contradict it either. The passages involve rescuing captives and ascending mountains, which could be part of the boy's future adventures as a Junior Warrior. Therefore, they can be considered consistent with the given backstory."
28,0,"The backstory describes a situation where the mate of the merchant Emerald Bird was framed and forced to give false testimony. However, Passage 1 mentions that Ayrton is described as an honest man by Mr. O'Moore, which contradicts the framing scenario in the backstory."
101,0,"The provided passages do not contain any information related to the given backstory. The first passage is about a gallery scene and the second one mentions entering through an alley leading out of Rue Saint-Jacques, which are unrelated to joining a radical republican cell or revolutionary activities."
91,1,"The backstory describes a character who orchestrated the assassination of royalist deputies and hid an arsenic phial in his study. The novel passages describe interactions within a social setting where Decapitator is referred to as someone involved with state matters and threats. While there are no direct contradictions, the context does not align well enough to consider them consistent without more information connecting the two elements."
24,1,"The backstory about proposing a South-American trade route and being transferred to London is compatible with the novel passages. The passages mention Captain Grant's children and his position in Patagonia as indicated by a document, which aligns with the backstory of him recommending himself for a berth on Captain Grant’s ship after suggesting such a route."
119,1,"The backstory about the prisoner scratching a text on limestone and the warden plagiarizing it is not directly mentioned in the novel passages provided. However, both the backstory and the novel passages share elements of confinement and mistreatment, which can be considered consistent if we interpret them metaphorically or as part of a larger narrative context."
93,1,"The backstory is consistent with the provided novel passages. The passages describe a significant conspiracy involving Edmond Dantès and his involvement in raising an army, which aligns with the idea of hidden evidence (ciphered letters) being left by him in Marseille."
72,1,"The backstory about the English-speaking youths trained as spies and their involvement with Glenarvan's party is not directly mentioned in the provided passages. However, both passages describe a situation involving cruelty and danger, which aligns with the backdrop of the story. The first passage hints at a brutal enemy (likely the main antagonist), while the second mentions a character named Paganel who seems to be part of Glenarvan's party despite his absent-mindedness. This suggests that the backstory is consistent with the novel’s themes and setting."
16,1,"The backstory provides context about Michael and Sandy Patterson's background as a British merchant family member and his mother being a French nurse. The novel passages describe them offering hospitality to travelers and sharing historical information about the island under British rule. This aligns with their background, making the backstory consistent and compatible with these passages."
30,1,"The provided backstory about the character's background and actions as a pirate are consistent with the novel passages. The backstory establishes the character’s role within the pirate crew and his motivations, which aligns with the need to secure supplies for their voyage in Passage 1. Additionally, the mention of using a shark as bait in Passage 2 is plausible given the context of a pirate setting where such tactics might be employed."
97,1,"The backstory about Poison Mastery is consistent with the novel passages as it explains how Villefort recognizes Barrois' symptoms instantly due to his experimentation on prisoners. This aligns with the doctor's amazement and sympathy in Passage 1 regarding a quick death, suggesting knowledge of lethal poisons."
22,1,"The provided backstory describes a character who secretly aided anti-colonial groups and had knowledge of Southern-Hemisphere geography. The novel passages do not explicitly mention these details but are generally positive and neutral in tone. There is no direct contradiction; however, the consistency between the backstory and the specific content of the novel passages is limited due to their different contexts. Nonetheless, given that they do not contradict each other, the overall compatibility can be considered as consistent."
53,1,"The backstory about Thaouka chewing herbs to stop bleeding and forging a deep bond with the horse is not directly mentioned in the novel passages provided. However, it does align with the idea of Thalcave (likely Thaouka) being deeply attached to his steed as seen in Passage 1 where he shows signs of agitation towards leaving his friends. The backstory adds context but doesn't contradict the given passages."
58,1,"The backstory introduces the protagonist learning multiple languages and navigation skills from a mission priest, while the novel passages describe interactions with a geographer. These do not directly contradict each other but are set in different contexts (a military setting vs. geographical discussion). The compatibility is based on the idea that such diverse knowledge could be imparted by various sources."
81,1,"The backstory describes a young man who acts bravely to protect his village and community. The novel passages depict him as the leader of a canoe during a stormy sea voyage, indicating he is indeed consistent with this background. His actions in both scenarios align with his character: protecting others from harm (backstory) and leading a dangerous journey (novel passages)."
47,1,"The backstory describes the protagonist as a thirteen-year-old who fled alone after his father was killed for refusing to reveal migration routes. The novel passages describe him as an adult facing threats from canoes along the shore. While there is a significant age difference and different contexts (fleeing vs. being pursued), both scenarios involve the protagonist's survival instincts and reactions to danger, making them consistent in terms of emotional response and urgency."
7,1,"The backstory describes a character who left his team short of supplies and watched three members die due to malaria. The novel passages describe fantastical natural landscapes with no mention of such hardships or deaths. This does not align with the provided backstory, thus contradicting it."
121,1,"The backstory is consistent and compatible with the provided novel passages. The passages describe Dantès meeting Edmond Dantès' father aboard a ship, which aligns with the backstory where Qwen gained his first thread from hearing tales of merchant Pharaon."
129,1,"The backstory about Dantès learning to carve fish-bone pen-nibs from an old Macao watchmaker is not directly related to the novel passages provided. However, it does provide context for Dantès' situation and character development without contradicting the given passages. The passages focus on characters discussing stones and diamonds, which are unrelated to the backstory about carving pen nibs."
51,1,"The backstory about the horse-thieves attacking and the old shepherd dying to protect Thalcave is compatible with the novel passages. The passages describe a tense situation involving an Indian character who seems agitated due to some threat or danger, which aligns with the context provided in the backstory."
127,1,"The backstory about the prisoner calculating Mediterranean tides aligns with the novel passages that involve oceanic phenomena like a loophole admitting light and whirlpools. These elements suggest an environment involving water bodies, which is consistent with the Mediterranean setting mentioned in the backstory."
133,1,The given passages do not provide enough context to directly contradict the provided backstory. The passages seem more focused on introspection and personal struggles rather than explicitly addressing religious or philosophical fusions discussed in the backstory about Enlightenment science lectures.
52,1,"The backstory describes the protagonist taming a black stallion named Thaouka over three months using ancient Tehuelche methods. The novel passages describe Thaouka's behavior during a journey, suggesting he is still wary and possibly protective of his companions. This aligns with the idea that Thaouka has not fully trusted or been completely tamed yet."
114,1,"The provided backstory and novel passages do not contain any direct contradictions or inconsistencies. The passages are set in different contexts (a conversation between Dantès and an unnamed person at a hotel versus travel directions), which allows for compatibility without needing to be directly related."
2,1,"The backstory about MacNabb secretly studying Latin and befriending a Spanish-speaking caretaker to learn both Spanish and Portuguese is compatible with the novel passages provided. The first passage indicates that MacNabb has acquired additional language skills (Spanish and possibly Portuguese), which aligns with his background of learning multiple languages."
33,1,"The backstory about He volunteering to spy aligns with the need for increased supplies and secrecy implied in Passage 1. The mention of a meeting with Glenarvan (in Passage 2) supports the idea that he is part of Captain Grant's crew but not necessarily an official member, which could fit his role as someone who knows about the colonisation schemes."
15,0,"The backstory describes Calm before cannibals as someone who judges a tribe's civilization based on bone ornaments they wear. However, the novel passages do not mention anything about bone ornaments or judging tribes' civilizations through such means. Instead, they focus on finding Paganel and observing Patagonian natives. These passages are unrelated to the backstory provided."
82,1,"The provided backstory describes a character who endured harsh conditions during captivity and later escaped with remarkable resourcefulness. The novel passages describe a scene involving a yacht encounter with a shark and the difficulties of travel through sandy plains. While these passages do not directly relate to the backstory, they are set in different contexts (ocean vs. land) and involve different characters. Therefore, there is no contradiction between the two sets of information."
37,1,"The backstory provides context for Tom Ayrton's background and motivations, which are generally compatible with the novel passages. The first passage suggests a straightforward character assessment by Mr. O'Moore regarding Ayrton's honesty, while the second passage describes an adventurous scene involving a heavy vehicle crossing a river. Both pieces of information do not directly contradict each other but rather provide different contexts about Tom Ayrton."
3,1,"The backstory about the protagonist leaving home due to a quarrel with his father and carrying Polynesian nautical charts is compatible with the novel passages. The first passage indicates he is on a canoe journey, possibly fleeing from pursuers, which aligns with him having left home after a conflict with his father. The second passage mentions Robert escaping and reaching Mr. O'Moore's house for shelter, suggesting he has been traveling or in danger, consistent with the backstory of leaving home due to family issues."
103,1,"The provided backstories about Napoleon and Noirtier are somewhat disconnected from the given novel passages. The backstories describe a historical context of power dynamics and personal growth, while the passages seem to be more abstract or poetic in nature, discussing mental visions and dreams related to political plans. However, they do not directly contradict each other."
94,0,"The backstory describes a morally questionable act involving political prisoners and sedatives, while the novel passages describe historical events related to Faria and Villefort. These are not directly compatible or contradictory in terms of specific events, but they do not align with each other either. The backstory seems more focused on a modern context involving personal health issues and manipulation, which is not present in the historical novel passages."
85,1,The backstory about the courageous searcher volunteering to lead the pursuit for Captain Grant's daughter aligns with the novel passages which describe the searchers' despair and the captain's likely capture by natives. The mention of a rough captain also fits with the context provided in Passage 2 mentioning Harry Grant’s position on the coast.
21,1,"The backstory about the Royal Navy frigate HMS Austin and Lieutenant Grant aligns with the novel passages provided. The first passage mentions Harry Grant (likely a young sailor) being promoted to ship’s assistant on HMS Austin, which is consistent with the second passage where Glenarvan searches for the shipwrecked captain aboard this vessel. Therefore, there is consistency between the backstory and the novel passages."
49,1,"The backstory describes the protagonist living alone in wild Andean areas for two years before joining a group. The novel passages describe travelers moving through Chili and using mules. While these passages do not directly contradict the backstory, they are set in different contexts (wilderness vs. travel), suggesting that the consistency is more about thematic alignment rather than direct compatibility."
140,1,"The backstory about friendships forged in secret cells and exile aligns with the novel passages which describe characters enduring long periods of isolation and maintaining hope through their resilience. The mention of 'red room' and thoughts returning from a year-long agony suggest prolonged confinement, consistent with the idea of being in exile or secret cells."
64,1,"The backstory is consistent with the provided novel passages as both describe a maritime situation involving rescue operations and navigation challenges off the Chilean coast. The passages mention a vessel in distress (the Duncan) and characters preparing for departure or arrival at a bay, which aligns with the backstory of ferrying supplies and rescuing someone from the sea."
131,1,"The backstory about the young man's background and early life is compatible with the novel passages. The passages describe a character who has had to adapt quickly due to his circumstances, which aligns with him being from a declining noble house and having tutors startled by his memory."
61,1,"The backstory describes a character who vowed to help those in distress after his sister was seized by slave-raiders. The novel passages describe rescuing captives and the gratitude of others towards Lord Glenarvan. While not directly related, both involve acts of kindness and helping others in need, which aligns with the character's backstory."
86,1,"The backstory describes Glenarvan initially finding the character haughty and cold but observing a value for life and keeping his word. The novel passages describe a brave yet cruel individual with a known price on their head after causing a catastrophe. These descriptions are consistent as they both highlight the character's cruelty and lack of empathy, which aligns with Glenarvan’s initial impression."
38,1,"The backstory describes Ayrton as having a quick temper and refusing to accept unjust punishment, which aligns with the novel passages that depict him as brave but also cruel. The mention of being on a convoy run during a storm and insisting on saving people despite reprimands fits with the idea of him eating his enemy's limbs in Passage 1. Additionally, the description of Ayrton’s demeanor when meeting Lord Glenarvan matches the humility described in Passage 2 where he calmly waits to be questioned. Overall, these passages support each other without contradicting the backstory."
132,1,"The backstory describes Dantès as a learned individual who is fluent in several languages and has published notes on history and natural philosophy. The novel passages indicate that Dantès interacts with people from various linguistic backgrounds (Arabic, Romaic, Turkish), suggesting he would be capable of understanding or interpreting these papers despite his own language proficiency. This aligns well with the backstory."
77,1,The backstory provides context that aligns well with the novel passages. The passages describe Lord Edward Glenarvan as a young man who was rescued by Wallace and later had a significant emotional moment related to his father. This fits with the backstory where Glenarvan was rescued by Wallace twenty years prior.
70,1,"The backstory describes Kai-Koumou as a chieftain who executed his wife Julia for passing information to British missionaries. The novel passages describe Kai-Koumou ordering the death of captives, including Lady Helena and Mary Grant. While these events are different in nature (one is about execution, the other is about captivity), they do not directly contradict each other. However, the backstory does not provide enough context to fully reconcile these passages with the given information alone."
115,1,"The provided backstory about the Jesuit novice aligns with the novel passages as they both involve elements related to poison and medical knowledge. The first passage mentions poisons and precautions against them, which could be relevant to a character who has studied toxicology. The second passage describes a scene involving a telescope and a father looking at boats, which is unrelated to the backstory but does not contradict it."
78,1,"The backstory describes a tragic event where the protagonist's mother is assassinated and his father orders her murderer's clan to be executed. This aligns with the novel passages which describe captives being saved by some natives who are friends/partisans of Kai-Koumou. The execution mentioned in the backstory could explain why these natives would protect the captives, making it consistent."
87,1,"The backstory about the protagonist's father being guillotined aligns with the novel passages in Passage 2 where his hand tremors and revulsion for the old regime are mentioned. The mention of a brother who was assassinated in Nîmes in Passage 1 also fits within the context of dealing with injustices, which is consistent with the protagonist's background involving family trauma."
75,1,"The backstory describes a character with exceptional geographical knowledge and an ability to determine shipwrecks based on tidal changes. The novel passages mention the importance of conjecture regarding longitude and latitude for navigation, as well as a successful mission involving 'a little miracle.' These elements align with the character's expertise in geography and his skill in using natural phenomena like tides for navigation."
44,1,"The backstory describes Solitude feeling pride and remorse due to his betrayal of Captain Grant. The novel passages depict Solitude as a courageous searcher who is now baffled by the malice of men, specifically mentioning Captain Grant's searchers. This suggests that Solitude might be one of those searchers for Captain Grant, which aligns with the backstory where he feels pride and remorse related to his betrayal."
